language	file	line	column	call_name	status	reason	candidate_count	group	evidence
python	tests/test_code/python/complex_vulnerable_app.py	5	6	Flask	unresolved	no_candidates	0	B	Fixture imports/receiver origin/type or builtin usage; see document for review scope
python	tests/test_code/python/complex_vulnerable_app.py	6	5	sqlite3.connect	unresolved	no_candidates	0	B	Fixture imports/receiver origin/type or builtin usage; see document for review scope
python	tests/test_code/python/complex_vulnerable_app.py	9	1	app.route	unresolved	no_candidates	0	B	Fixture imports/receiver origin/type or builtin usage; see document for review scope
python	tests/test_code/python/complex_vulnerable_app.py	13	14	request.args.get	unresolved	no_candidates	0	B	Fixture imports/receiver origin/type or builtin usage; see document for review scope
python	tests/test_code/python/complex_vulnerable_app.py	16	4	db.cursor	unresolved	no_candidates	0	B	Fixture imports/receiver origin/type or builtin usage; see document for review scope
python	tests/test_code/python/complex_vulnerable_app.py	16	4	db.cursor.execute	unresolved	no_candidates	0	B	Fixture imports/receiver origin/type or builtin usage; see document for review scope
python	tests/test_code/python/complex_vulnerable_app.py	19	4	db.cursor	unresolved	no_candidates	0	B	Fixture imports/receiver origin/type or builtin usage; see document for review scope
python	tests/test_code/python/complex_vulnerable_app.py	19	4	db.cursor.execute	unresolved	no_candidates	0	B	Fixture imports/receiver origin/type or builtin usage; see document for review scope
python	tests/test_code/python/complex_vulnerable_app.py	23	1	app.route	unresolved	no_candidates	0	B	Fixture imports/receiver origin/type or builtin usage; see document for review scope
python	tests/test_code/python/complex_vulnerable_app.py	27	15	request.args.get	unresolved	no_candidates	0	B	Fixture imports/receiver origin/type or builtin usage; see document for review scope
python	tests/test_code/python/complex_vulnerable_app.py	34	4	os.system	unresolved	no_candidates	0	B	Fixture imports/receiver origin/type or builtin usage; see document for review scope
python	tests/test_code/python/complex_vulnerable_app.py	37	4	os.system	unresolved	no_candidates	0	B	Fixture imports/receiver origin/type or builtin usage; see document for review scope
python	tests/test_code/python/crypto_tests.py	6	8	hashlib.md5	unresolved	no_candidates	0	B	Fixture imports/receiver origin/type or builtin usage; see document for review scope
python	tests/test_code/python/crypto_tests.py	6	20	data.encode	unresolved	no_candidates	0	C	Untyped parameter data: encode may be a builtin or project-defined method
python	tests/test_code/python/crypto_tests.py	7	11	h.hexdigest	unresolved	no_candidates	0	B	Fixture imports/receiver origin/type or builtin usage; see document for review scope
python	tests/test_code/python/crypto_tests.py	11	13	AES.new	unresolved	no_candidates	0	B	Fixture imports/receiver origin/type or builtin usage; see document for review scope
python	tests/test_code/python/crypto_tests.py	12	11	cipher.encrypt	unresolved	no_candidates	0	B	Fixture imports/receiver origin/type or builtin usage; see document for review scope
python	tests/test_code/python/crypto_tests.py	16	11	hashlib.sha256	unresolved	no_candidates	0	B	Fixture imports/receiver origin/type or builtin usage; see document for review scope
python	tests/test_code/python/crypto_tests.py	16	11	hashlib.sha256.hexdigest	unresolved	no_candidates	0	B	Fixture imports/receiver origin/type or builtin usage; see document for review scope
python	tests/test_code/python/crypto_tests.py	16	26	data.encode	unresolved	no_candidates	0	C	Untyped parameter data: encode may be a builtin or project-defined method
python	tests/test_code/python/django_views.py	10	12	request.GET.get	unresolved	no_candidates	0	B	Fixture imports/receiver origin/type or builtin usage; see document for review scope
python	tests/test_code/python/django_views.py	13	9	connection.cursor	unresolved	no_candidates	0	B	Fixture imports/receiver origin/type or builtin usage; see document for review scope
python	tests/test_code/python/django_views.py	14	8	cursor.execute	unresolved	no_candidates	0	B	Fixture imports/receiver origin/type or builtin usage; see document for review scope
python	tests/test_code/python/django_views.py	16	11	HttpResponse	unresolved	no_candidates	0	B	Fixture imports/receiver origin/type or builtin usage; see document for review scope
python	tests/test_code/python/django_views.py	22	11	HttpResponse	unresolved	no_candidates	0	B	Fixture imports/receiver origin/type or builtin usage; see document for review scope
python	tests/test_code/python/django_views.py	27	11	HttpResponse	unresolved	no_candidates	0	B	Fixture imports/receiver origin/type or builtin usage; see document for review scope
python	tests/test_code/python/fastapi_app.py	4	6	FastAPI	unresolved	no_candidates	0	B	Fixture imports/receiver origin/type or builtin usage; see document for review scope
python	tests/test_code/python/fastapi_app.py	6	1	app.get	unresolved	no_candidates	0	B	Fixture imports/receiver origin/type or builtin usage; see document for review scope
python	tests/test_code/python/fastapi_app.py	8	11	sqlite3.connect	unresolved	no_candidates	0	B	Fixture imports/receiver origin/type or builtin usage; see document for review scope
python	tests/test_code/python/fastapi_app.py	9	13	conn.cursor	unresolved	no_candidates	0	B	Fixture imports/receiver origin/type or builtin usage; see document for review scope
python	tests/test_code/python/fastapi_app.py	11	4	cursor.execute	unresolved	no_candidates	0	B	Fixture imports/receiver origin/type or builtin usage; see document for review scope
python	tests/test_code/python/fastapi_app.py	14	1	app.get	unresolved	no_candidates	0	B	Fixture imports/receiver origin/type or builtin usage; see document for review scope
python	tests/test_code/python/fastapi_app.py	19	1	app.post	unresolved	no_candidates	0	B	Fixture imports/receiver origin/type or builtin usage; see document for review scope
python	tests/test_code/python/fastapi_app.py	21	11	sqlite3.connect	unresolved	no_candidates	0	B	Fixture imports/receiver origin/type or builtin usage; see document for review scope
python	tests/test_code/python/fastapi_app.py	23	4	conn.execute	unresolved	no_candidates	0	B	Fixture imports/receiver origin/type or builtin usage; see document for review scope
python	tests/test_code/python/field_sensitivity_test.py	4	6	Flask	unresolved	no_candidates	0	B	Fixture imports/receiver origin/type or builtin usage; see document for review scope
python	tests/test_code/python/field_sensitivity_test.py	11	1	app.route	unresolved	no_candidates	0	B	Fixture imports/receiver origin/type or builtin usage; see document for review scope
python	tests/test_code/python/field_sensitivity_test.py	13	11	User	unresolved	no_candidates	0	A	Local class User declared in this fixture; constructors are not indexed
python	tests/test_code/python/field_sensitivity_test.py	14	16	request.args.get	unresolved	no_candidates	0	B	Fixture imports/receiver origin/type or builtin usage; see document for review scope
python	tests/test_code/python/field_sensitivity_test.py	17	11	sqlite3.connect	unresolved	no_candidates	0	B	Fixture imports/receiver origin/type or builtin usage; see document for review scope
python	tests/test_code/python/field_sensitivity_test.py	18	13	conn.cursor	unresolved	no_candidates	0	B	Fixture imports/receiver origin/type or builtin usage; see document for review scope
python	tests/test_code/python/field_sensitivity_test.py	21	4	cursor.execute	unresolved	no_candidates	0	B	Fixture imports/receiver origin/type or builtin usage; see document for review scope
python	tests/test_code/python/field_sensitivity_test.py	24	4	cursor.execute	unresolved	no_candidates	0	B	Fixture imports/receiver origin/type or builtin usage; see document for review scope
python	tests/test_code/python/field_sensitivity_test.py	24	55	str	unresolved	no_candidates	0	B	Fixture imports/receiver origin/type or builtin usage; see document for review scope
python	tests/test_code/python/final_kb_tests.py	6	12	str	unresolved	no_candidates	0	B	Fixture imports/receiver origin/type or builtin usage; see document for review scope
python	tests/test_code/python/final_kb_tests.py	6	16	random.random	unresolved	no_candidates	0	B	Fixture imports/receiver origin/type or builtin usage; see document for review scope
python	tests/test_code/python/final_kb_tests.py	7	4	send_email	resolved	none	1	A	Indexed same-language candidate: tests/test_code/python/final_kb_tests.py
python	tests/test_code/python/final_kb_tests.py	11	13	etree.XMLParser	unresolved	no_candidates	0	B	Fixture imports/receiver origin/type or builtin usage; see document for review scope
python	tests/test_code/python/final_kb_tests.py	12	11	etree.fromstring	unresolved	no_candidates	0	B	Fixture imports/receiver origin/type or builtin usage; see document for review scope
python	tests/test_code/python/jwt_ssrf_tests.py	5	6	Flask	unresolved	no_candidates	0	B	Fixture imports/receiver origin/type or builtin usage; see document for review scope
python	tests/test_code/python/jwt_ssrf_tests.py	7	1	app.route	unresolved	no_candidates	0	B	Fixture imports/receiver origin/type or builtin usage; see document for review scope
python	tests/test_code/python/jwt_ssrf_tests.py	9	10	request.args.get	unresolved	no_candidates	0	B	Fixture imports/receiver origin/type or builtin usage; see document for review scope
python	tests/test_code/python/jwt_ssrf_tests.py	11	11	httpx.get	unresolved	no_candidates	0	B	Fixture imports/receiver origin/type or builtin usage; see document for review scope
python	tests/test_code/python/jwt_ssrf_tests.py	13	1	app.route	unresolved	no_candidates	0	B	Fixture imports/receiver origin/type or builtin usage; see document for review scope
python	tests/test_code/python/jwt_ssrf_tests.py	15	12	request.headers.get	unresolved	no_candidates	0	B	Fixture imports/receiver origin/type or builtin usage; see document for review scope
python	tests/test_code/python/jwt_ssrf_tests.py	17	14	jwt.decode	unresolved	no_candidates	0	B	Fixture imports/receiver origin/type or builtin usage; see document for review scope
python	tests/test_code/python/jwt_ssrf_tests.py	20	15	jwt.decode	unresolved	no_candidates	0	B	Fixture imports/receiver origin/type or builtin usage; see document for review scope
python	tests/test_code/python/jwt_ssrf_tests.py	21	11	str	unresolved	no_candidates	0	B	Fixture imports/receiver origin/type or builtin usage; see document for review scope
python	tests/test_code/python/mass_assignment.py	12	11	User.objects.get	unresolved	no_candidates	0	C	Relative .models import absent; ORM manager/dispatch cannot be established
python	tests/test_code/python/mass_assignment.py	14	4	user.save	unresolved	no_candidates	0	C	Receiver comes from missing .models import/manager; dispatch cannot be established
python	tests/test_code/python/new_rules_test.py	5	6	Flask	unresolved	no_candidates	0	B	Fixture imports/receiver origin/type or builtin usage; see document for review scope
python	tests/test_code/python/new_rules_test.py	9	1	app.route	unresolved	no_candidates	0	B	Fixture imports/receiver origin/type or builtin usage; see document for review scope
python	tests/test_code/python/new_rules_test.py	11	16	request.args.get	unresolved	no_candidates	0	B	Fixture imports/receiver origin/type or builtin usage; see document for review scope
python	tests/test_code/python/new_rules_test.py	13	4	logging.info	unresolved	no_candidates	0	B	Fixture imports/receiver origin/type or builtin usage; see document for review scope
python	tests/test_code/python/new_rules_test.py	16	1	app.route	unresolved	no_candidates	0	B	Fixture imports/receiver origin/type or builtin usage; see document for review scope
python	tests/test_code/python/new_rules_test.py	18	18	request.args.get	unresolved	no_candidates	0	B	Fixture imports/receiver origin/type or builtin usage; see document for review scope
python	tests/test_code/python/new_rules_test.py	20	10	importlib.import_module	unresolved	no_candidates	0	B	Fixture imports/receiver origin/type or builtin usage; see document for review scope
python	tests/test_code/python/new_rules_test.py	21	11	str	unresolved	no_candidates	0	B	Fixture imports/receiver origin/type or builtin usage; see document for review scope
python	tests/test_code/python/new_rules_test.py	26	4	print	unresolved	no_candidates	0	B	Fixture imports/receiver origin/type or builtin usage; see document for review scope
python	tests/test_code/python/rce_tests.py	6	6	Flask	unresolved	no_candidates	0	B	Fixture imports/receiver origin/type or builtin usage; see document for review scope
python	tests/test_code/python/rce_tests.py	8	1	app.route	unresolved	no_candidates	0	B	Fixture imports/receiver origin/type or builtin usage; see document for review scope
python	tests/test_code/python/rce_tests.py	10	11	request.args.get	unresolved	no_candidates	0	B	Fixture imports/receiver origin/type or builtin usage; see document for review scope
python	tests/test_code/python/rce_tests.py	12	4	pickle.loads	unresolved	no_candidates	0	B	Fixture imports/receiver origin/type or builtin usage; see document for review scope
python	tests/test_code/python/rce_tests.py	15	1	app.route	unresolved	no_candidates	0	B	Fixture imports/receiver origin/type or builtin usage; see document for review scope
python	tests/test_code/python/rce_tests.py	17	11	request.args.get	unresolved	no_candidates	0	B	Fixture imports/receiver origin/type or builtin usage; see document for review scope
python	tests/test_code/python/rce_tests.py	19	4	yaml.load	unresolved	no_candidates	0	B	Fixture imports/receiver origin/type or builtin usage; see document for review scope
python	tests/test_code/python/rce_tests.py	22	1	app.route	unresolved	no_candidates	0	B	Fixture imports/receiver origin/type or builtin usage; see document for review scope
python	tests/test_code/python/rce_tests.py	24	17	request.args.get	unresolved	no_candidates	0	B	Fixture imports/receiver origin/type or builtin usage; see document for review scope
python	tests/test_code/python/rce_tests.py	26	15	jinja2.Environment	unresolved	no_candidates	0	B	Fixture imports/receiver origin/type or builtin usage; see document for review scope
python	tests/test_code/python/rce_tests.py	26	15	jinja2.Environment.from_string	unresolved	no_candidates	0	B	Fixture imports/receiver origin/type or builtin usage; see document for review scope
python	tests/test_code/python/rce_tests.py	27	11	template.render	unresolved	no_candidates	0	B	Fixture imports/receiver origin/type or builtin usage; see document for review scope
python	tests/test_code/python/vulnerable.py	5	6	Flask	unresolved	no_candidates	0	B	Fixture imports/receiver origin/type or builtin usage; see document for review scope
python	tests/test_code/python/vulnerable.py	8	1	app.route	unresolved	no_candidates	0	B	Fixture imports/receiver origin/type or builtin usage; see document for review scope
python	tests/test_code/python/vulnerable.py	12	14	request.args.get	unresolved	no_candidates	0	B	Fixture imports/receiver origin/type or builtin usage; see document for review scope
python	tests/test_code/python/vulnerable.py	16	4	os.system	unresolved	no_candidates	0	B	Fixture imports/receiver origin/type or builtin usage; see document for review scope
python	tests/test_code/python/vulnerable.py	21	1	app.route	unresolved	no_candidates	0	B	Fixture imports/receiver origin/type or builtin usage; see document for review scope
python	tests/test_code/python/vulnerable.py	25	4	os.system	unresolved	no_candidates	0	B	Fixture imports/receiver origin/type or builtin usage; see document for review scope
python	tests/test_code/inter_file/python/inter_file_app.py	6	17	request.args.get	unresolved	no_candidates	0	B	Fixture imports/receiver origin/type or builtin usage; see document for review scope
python	tests/test_code/inter_file/python/inter_file_app.py	9	4	vulnerable_execute	resolved	none	1	A	Indexed same-language candidate: tests/test_code/inter_file/python/inter_file_utils.py
python	tests/test_code/inter_file/python/inter_file_utils.py	6	4	os.system	unresolved	no_candidates	0	B	Fixture imports/receiver origin/type or builtin usage; see document for review scope
python	tests/test_code/inter_file/python/inter_file_utils.py	10	4	print	unresolved	no_candidates	0	B	Fixture imports/receiver origin/type or builtin usage; see document for review scope
java	tests/test_code/java/ConstantPropTest.java	7	24	getParameter	unresolved	no_candidates	0	B	Fixture imports/receiver origin/type or builtin usage; see document for review scope
java	tests/test_code/java/ConstantPropTest.java	8	25	createStatement	unresolved	no_candidates	0	B	Fixture imports/receiver origin/type or builtin usage; see document for review scope
java	tests/test_code/java/ConstantPropTest.java	11	8	executeQuery	unresolved	no_candidates	0	B	Fixture imports/receiver origin/type or builtin usage; see document for review scope
java	tests/test_code/java/ConstantPropTest.java	16	8	executeQuery	unresolved	no_candidates	0	B	Fixture imports/receiver origin/type or builtin usage; see document for review scope
java	tests/test_code/java/ConstantPropTest.java	19	8	executeQuery	unresolved	no_candidates	0	B	Fixture imports/receiver origin/type or builtin usage; see document for review scope
java	tests/test_code/java/CryptoTests.java	9	27	getInstance	unresolved	no_candidates	0	B	Fixture imports/receiver origin/type or builtin usage; see document for review scope
java	tests/test_code/java/CryptoTests.java	12	24	getInstance	unresolved	no_candidates	0	B	Fixture imports/receiver origin/type or builtin usage; see document for review scope
java	tests/test_code/java/CryptoTests.java	17	27	getInstance	unresolved	no_candidates	0	B	Fixture imports/receiver origin/type or builtin usage; see document for review scope
java	tests/test_code/java/FieldSensitivityTest.java	16	20	getParameter	unresolved	no_candidates	0	B	Fixture imports/receiver origin/type or builtin usage; see document for review scope
java	tests/test_code/java/FieldSensitivityTest.java	19	25	createStatement	unresolved	no_candidates	0	B	Fixture imports/receiver origin/type or builtin usage; see document for review scope
java	tests/test_code/java/FieldSensitivityTest.java	22	8	executeQuery	unresolved	no_candidates	0	B	Fixture imports/receiver origin/type or builtin usage; see document for review scope
java	tests/test_code/java/FieldSensitivityTest.java	25	8	executeQuery	unresolved	no_candidates	0	B	Fixture imports/receiver origin/type or builtin usage; see document for review scope
java	tests/test_code/java/FinalKbTests.java	14	8	readObject	unresolved	no_candidates	0	B	Fixture imports/receiver origin/type or builtin usage; see document for review scope
java	tests/test_code/java/LegacyAndHibernate.java	17	27	getParameter	unresolved	no_candidates	0	B	Fixture imports/receiver origin/type or builtin usage; see document for review scope
java	tests/test_code/java/LegacyAndHibernate.java	20	8	write	unresolved	no_candidates	0	B	Fixture imports/receiver origin/type or builtin usage; see document for review scope
java	tests/test_code/java/LegacyAndHibernate.java	31	8	getResultList	unresolved	no_candidates	0	B	Fixture imports/receiver origin/type or builtin usage; see document for review scope
java	tests/test_code/java/LegacyAndHibernate.java	34	8	getResultList	unresolved	no_candidates	0	B	Fixture imports/receiver origin/type or builtin usage; see document for review scope
java	tests/test_code/java/NewRulesTest.java	7	41	getLogger	unresolved	no_candidates	0	B	Fixture imports/receiver origin/type or builtin usage; see document for review scope
java	tests/test_code/java/NewRulesTest.java	7	58	getName	unresolved	no_candidates	0	B	Fixture imports/receiver origin/type or builtin usage; see document for review scope
java	tests/test_code/java/NewRulesTest.java	10	23	getParameter	unresolved	no_candidates	0	B	Fixture imports/receiver origin/type or builtin usage; see document for review scope
java	tests/test_code/java/NewRulesTest.java	13	8	info	unresolved	no_candidates	0	B	Fixture imports/receiver origin/type or builtin usage; see document for review scope
java	tests/test_code/java/NewRulesTest.java	16	8	forName	unresolved	no_candidates	0	B	Fixture imports/receiver origin/type or builtin usage; see document for review scope
java	tests/test_code/java/NewRulesTest.java	20	8	println	unresolved	no_candidates	0	B	Fixture imports/receiver origin/type or builtin usage; see document for review scope
java	tests/test_code/java/RceTests.java	9	22	getParameter	unresolved	no_candidates	0	B	Fixture imports/receiver origin/type or builtin usage; see document for review scope
java	tests/test_code/java/RceTests.java	10	23	getBytes	unresolved	no_candidates	0	B	Fixture imports/receiver origin/type or builtin usage; see document for review scope
java	tests/test_code/java/RceTests.java	14	8	readObject	unresolved	no_candidates	0	B	Fixture imports/receiver origin/type or builtin usage; see document for review scope
java	tests/test_code/java/RegexSqli.java	7	12	execute	unresolved	no_candidates	0	B	Fixture imports/receiver origin/type or builtin usage; see document for review scope
java	tests/test_code/java/Safe.java	8	33	prepareStatement	unresolved	no_candidates	0	B	Fixture imports/receiver origin/type or builtin usage; see document for review scope
java	tests/test_code/java/Safe.java	9	8	setString	unresolved	no_candidates	0	B	Fixture imports/receiver origin/type or builtin usage; see document for review scope
java	tests/test_code/java/Safe.java	10	8	executeQuery	unresolved	no_candidates	0	B	Fixture imports/receiver origin/type or builtin usage; see document for review scope
java	tests/test_code/java/Safe.java	14	8	println	unresolved	no_candidates	0	B	Fixture imports/receiver origin/type or builtin usage; see document for review scope
java	tests/test_code/java/SpringController.java	15	29	createStatement	unresolved	no_candidates	0	B	Fixture imports/receiver origin/type or builtin usage; see document for review scope
java	tests/test_code/java/SpringController.java	17	12	executeQuery	unresolved	no_candidates	0	B	Fixture imports/receiver origin/type or builtin usage; see document for review scope
java	tests/test_code/java/Sqli.java	10	24	getParameter	unresolved	no_candidates	0	B	Fixture imports/receiver origin/type or builtin usage; see document for review scope
java	tests/test_code/java/Sqli.java	17	12	executeQuery	unresolved	no_candidates	0	B	Fixture imports/receiver origin/type or builtin usage; see document for review scope
java	tests/test_code/inter_file/java/Controller.java	9	20	getParameter	unresolved	no_candidates	0	B	Fixture imports/receiver origin/type or builtin usage; see document for review scope
java	tests/test_code/inter_file/java/Controller.java	13	8	runQuery	resolved	none	1	A	Indexed same-language candidate: tests/test_code/inter_file/java/DatabaseHelper.java
java	tests/test_code/inter_file/java/DatabaseHelper.java	7	25	createStatement	unresolved	no_candidates	0	B	Fixture imports/receiver origin/type or builtin usage; see document for review scope
java	tests/test_code/inter_file/java/DatabaseHelper.java	9	8	executeQuery	unresolved	no_candidates	0	B	Fixture imports/receiver origin/type or builtin usage; see document for review scope
javascript	tests/test_code/javascript/crypto_tests.js	1	15	require	unresolved	no_candidates	0	B	Fixture imports/receiver origin/type or builtin usage; see document for review scope
javascript	tests/test_code/javascript/crypto_tests.js	5	11		unresolved	no_candidates	0	B	Fixture imports/receiver origin/type or builtin usage; see document for review scope
javascript	tests/test_code/javascript/crypto_tests.js	5	11	crypto.createHash	unresolved	no_candidates	0	B	Fixture imports/receiver origin/type or builtin usage; see document for review scope
javascript	tests/test_code/javascript/crypto_tests.js	10	11		unresolved	no_candidates	0	B	Fixture imports/receiver origin/type or builtin usage; see document for review scope
javascript	tests/test_code/javascript/crypto_tests.js	10	11	crypto.createHash	unresolved	no_candidates	0	B	Fixture imports/receiver origin/type or builtin usage; see document for review scope
javascript	tests/test_code/javascript/final_kb_tests.js	1	16	require	unresolved	no_candidates	0	B	Fixture imports/receiver origin/type or builtin usage; see document for review scope
javascript	tests/test_code/javascript/final_kb_tests.js	2	12	express	unresolved	no_candidates	0	B	Fixture imports/receiver origin/type or builtin usage; see document for review scope
javascript	tests/test_code/javascript/final_kb_tests.js	4	0	app.post	unresolved	no_candidates	0	B	Fixture imports/receiver origin/type or builtin usage; see document for review scope
javascript	tests/test_code/javascript/final_kb_tests.js	12	4	res.send	unresolved	no_candidates	0	B	Fixture imports/receiver origin/type or builtin usage; see document for review scope
javascript	tests/test_code/javascript/final_kb_tests.js	17	18		unresolved	no_candidates	0	B	Fixture imports/receiver origin/type or builtin usage; see document for review scope
javascript	tests/test_code/javascript/final_kb_tests.js	17	18	Math.random	unresolved	no_candidates	0	B	Fixture imports/receiver origin/type or builtin usage; see document for review scope
javascript	tests/test_code/javascript/jwt_ssrf_tests.js	1	14	require	unresolved	no_candidates	0	B	Fixture imports/receiver origin/type or builtin usage; see document for review scope
javascript	tests/test_code/javascript/jwt_ssrf_tests.js	2	12	require	unresolved	no_candidates	0	B	Fixture imports/receiver origin/type or builtin usage; see document for review scope
javascript	tests/test_code/javascript/jwt_ssrf_tests.js	3	16	require	unresolved	no_candidates	0	B	Fixture imports/receiver origin/type or builtin usage; see document for review scope
javascript	tests/test_code/javascript/jwt_ssrf_tests.js	4	12	express	unresolved	no_candidates	0	B	Fixture imports/receiver origin/type or builtin usage; see document for review scope
javascript	tests/test_code/javascript/jwt_ssrf_tests.js	6	0	app.get	unresolved	no_candidates	0	B	Fixture imports/receiver origin/type or builtin usage; see document for review scope
javascript	tests/test_code/javascript/jwt_ssrf_tests.js	9	4		unresolved	no_candidates	0	B	Fixture imports/receiver origin/type or builtin usage; see document for review scope
javascript	tests/test_code/javascript/jwt_ssrf_tests.js	9	4	axios.get	unresolved	no_candidates	0	B	Fixture imports/receiver origin/type or builtin usage; see document for review scope
javascript	tests/test_code/javascript/jwt_ssrf_tests.js	9	39	res.send	unresolved	no_candidates	0	B	Fixture imports/receiver origin/type or builtin usage; see document for review scope
javascript	tests/test_code/javascript/jwt_ssrf_tests.js	12	0	app.post	unresolved	no_candidates	0	B	Fixture imports/receiver origin/type or builtin usage; see document for review scope
javascript	tests/test_code/javascript/jwt_ssrf_tests.js	15	4	jwt.verify	unresolved	no_candidates	0	B	Fixture imports/receiver origin/type or builtin usage; see document for review scope
javascript	tests/test_code/javascript/jwt_ssrf_tests.js	16	8	res.send	unresolved	no_candidates	0	B	Fixture imports/receiver origin/type or builtin usage; see document for review scope
javascript	tests/test_code/javascript/new_rules_test.js	2	16	require	unresolved	no_candidates	0	B	Fixture imports/receiver origin/type or builtin usage; see document for review scope
javascript	tests/test_code/javascript/new_rules_test.js	3	12	express	unresolved	no_candidates	0	B	Fixture imports/receiver origin/type or builtin usage; see document for review scope
javascript	tests/test_code/javascript/new_rules_test.js	5	0	app.get	unresolved	no_candidates	0	B	Fixture imports/receiver origin/type or builtin usage; see document for review scope
javascript	tests/test_code/javascript/new_rules_test.js	8	4	console.log	unresolved	no_candidates	0	B	Fixture imports/receiver origin/type or builtin usage; see document for review scope
javascript	tests/test_code/javascript/new_rules_test.js	9	4	res.send	unresolved	no_candidates	0	B	Fixture imports/receiver origin/type or builtin usage; see document for review scope
javascript	tests/test_code/javascript/new_rules_test.js	15	4	console.log	unresolved	no_candidates	0	B	Fixture imports/receiver origin/type or builtin usage; see document for review scope
javascript	tests/test_code/javascript/rce_tests.js	1	12	require	unresolved	no_candidates	0	B	Fixture imports/receiver origin/type or builtin usage; see document for review scope
javascript	tests/test_code/javascript/rce_tests.js	2	16	require	unresolved	no_candidates	0	B	Fixture imports/receiver origin/type or builtin usage; see document for review scope
javascript	tests/test_code/javascript/rce_tests.js	3	12	express	unresolved	no_candidates	0	B	Fixture imports/receiver origin/type or builtin usage; see document for review scope
javascript	tests/test_code/javascript/rce_tests.js	5	0	app.get	unresolved	no_candidates	0	B	Fixture imports/receiver origin/type or builtin usage; see document for review scope
javascript	tests/test_code/javascript/rce_tests.js	8	17	ejs.render	unresolved	no_candidates	0	B	Fixture imports/receiver origin/type or builtin usage; see document for review scope
javascript	tests/test_code/javascript/rce_tests.js	9	4	res.send	unresolved	no_candidates	0	B	Fixture imports/receiver origin/type or builtin usage; see document for review scope
javascript	tests/test_code/javascript/vulnerable_express.js	1	16	require	unresolved	no_candidates	0	B	Fixture imports/receiver origin/type or builtin usage; see document for review scope
javascript	tests/test_code/javascript/vulnerable_express.js	2	12	express	unresolved	no_candidates	0	B	Fixture imports/receiver origin/type or builtin usage; see document for review scope
javascript	tests/test_code/javascript/vulnerable_express.js	4	0	app.get	unresolved	no_candidates	0	B	Fixture imports/receiver origin/type or builtin usage; see document for review scope
javascript	tests/test_code/javascript/vulnerable_express.js	8	2	eval	unresolved	no_candidates	0	B	Fixture imports/receiver origin/type or builtin usage; see document for review scope
javascript	tests/test_code/javascript/vulnerable_express.js	10	2	res.send	unresolved	no_candidates	0	B	Fixture imports/receiver origin/type or builtin usage; see document for review scope
javascript	tests/test_code/javascript/vulnerable_express.js	14	0	app.get	unresolved	no_candidates	0	B	Fixture imports/receiver origin/type or builtin usage; see document for review scope
javascript	tests/test_code/javascript/vulnerable_express.js	16	2	console.log	unresolved	no_candidates	0	B	Fixture imports/receiver origin/type or builtin usage; see document for review scope
javascript	tests/test_code/javascript/vulnerable_express.js	17	2	res.send	unresolved	no_candidates	0	B	Fixture imports/receiver origin/type or builtin usage; see document for review scope
javascript	tests/test_code/inter_file/javascript/app.js	2	16	require	unresolved	no_candidates	0	B	Fixture imports/receiver origin/type or builtin usage; see document for review scope
javascript	tests/test_code/inter_file/javascript/app.js	3	23	require	unresolved	no_candidates	0	B	Fixture imports/receiver origin/type or builtin usage; see document for review scope
javascript	tests/test_code/inter_file/javascript/app.js	4	12	express	unresolved	no_candidates	0	B	Fixture imports/receiver origin/type or builtin usage; see document for review scope
javascript	tests/test_code/inter_file/javascript/app.js	6	0	app.get	unresolved	no_candidates	0	B	Fixture imports/receiver origin/type or builtin usage; see document for review scope
javascript	tests/test_code/inter_file/javascript/app.js	10	4	runCommand	resolved	none	1	A	Indexed same-language candidate: tests/test_code/inter_file/javascript/db.js
javascript	tests/test_code/inter_file/javascript/app.js	11	4	res.send	unresolved	no_candidates	0	B	Fixture imports/receiver origin/type or builtin usage; see document for review scope
javascript	tests/test_code/inter_file/javascript/db.js	2	11	require	unresolved	no_candidates	0	B	Fixture imports/receiver origin/type or builtin usage; see document for review scope
javascript	tests/test_code/inter_file/javascript/db.js	7	4	cp.exec	unresolved	no_candidates	0	B	Fixture imports/receiver origin/type or builtin usage; see document for review scope
